profil,oturum,seviye,speed,logic,memory,pattern,chi,iq,ci,guvenilirlik,denge
acemi,1,1,980,972,983,984,980,,27.7,0.111,0.98
acemi,2,2,968,947,989,975,970,,26.3,0.2,0.928
acemi,3,3,956,926,975,971,957,,25.1,0.273,0.915
acemi,4,4,948,908,990,967,953,,24.0,0.333,0.862
acemi,5,4,940,895,986,955,944,,23.1,0.385,0.844
acemi,6,5,940,882,981,963,941,,22.2,0.429,0.831
acemi,7,6,940,872,990,967,942,,21.5,0.467,0.8
acemi,8,7,939,863,1003,965,942,,20.8,0.5,0.768
acemi,9,8,945,857,1007,968,943,,20.2,0.529,0.752
acemi,10,8,944,851,1009,968,942,,19.6,0.556,0.741
acemi,11,9,946,846,1012,972,943,,19.1,0.579,0.73
acemi,12,10,952,843,1026,971,947,,18.6,0.6,0.708
acemi,13,10,953,840,1024,974,947,,18.1,0.619,0.705
acemi,14,11,956,837,1029,985,950,,17.7,0.636,0.695
acemi,15,12,965,836,1040,990,956,,17.3,0.652,0.681
acemi,16,13,972,834,1050,991,960,,17.0,0.667,0.667
acemi,17,14,981,832,1066,997,967,,16.6,0.68,0.649
acemi,18,15,989,831,1072,1003,972,,16.3,0.692,0.641
acemi,19,16,996,830,1091,1005,978,,16.0,0.704,0.622
acemi,20,16,998,829,1095,1012,981,88.9,15.7,0.714,0.617
acemi,21,17,1004,828,1099,1020,985,88.9,15.4,0.724,0.613
acemi,22,18,1014,828,1116,1024,992,89.1,15.2,0.733,0.597
acemi,23,18,1016,827,1121,1030,995,89.1,14.9,0.742,0.592
acemi,24,18,1018,826,1126,1037,998,89.1,14.7,0.75,0.588
acemi,25,18,1022,826,1131,1044,1002,89.2,14.5,0.758,0.583
acemi,26,18,1025,825,1136,1048,1005,89.2,14.3,0.765,0.578
acemi,27,18,1027,825,1138,1048,1006,89.1,14.1,0.771,0.576
acemi,28,19,1033,824,1144,1056,1010,89.3,13.9,0.778,0.57
acemi,29,20,1037,826,1155,1061,1016,89.4,13.7,0.784,0.565
acemi,30,20,1039,826,1157,1063,1017,89.4,13.5,0.789,0.562
acemi,31,21,1044,825,1161,1073,1022,89.5,13.3,0.795,0.559
acemi,32,22,1052,826,1167,1080,1027,89.7,13.1,0.8,0.555
acemi,33,23,1059,825,1179,1088,1033,89.9,13.0,0.805,0.546
acemi,34,24,1065,825,1190,1093,1039,90.1,12.8,0.81,0.538
acemi,35,24,1068,825,1194,1094,1040,90.2,12.7,0.814,0.536
acemi,36,24,1071,825,1196,1095,1042,90.2,12.5,0.818,0.534
acemi,37,24,1074,825,1199,1098,1044,90.2,12.4,0.822,0.532
acemi,38,24,1076,825,1205,1101,1047,90.3,12.3,0.826,0.528
acemi,39,25,1083,825,1220,1107,1053,90.6,12.1,0.83,0.518
acemi,40,26,1088,824,1228,1112,1057,90.7,12.0,0.833,0.513
acemi,41,27,1096,824,1237,1121,1064,91.0,11.9,0.837,0.507
acemi,42,27,1099,825,1244,1125,1067,91.1,11.8,0.84,0.504
acemi,43,28,1104,825,1259,1130,1073,91.4,11.6,0.843,0.495
acemi,44,29,1109,825,1273,1142,1081,91.7,11.5,0.846,0.487
acemi,45,30,1115,827,1282,1152,1087,92.0,11.4,0.849,0.484
acemi,46,30,1119,827,1283,1156,1089,92.1,11.3,0.852,0.483
acemi,47,30,1121,827,1291,1160,1092,92.2,11.2,0.855,0.479
acemi,48,31,1125,829,1294,1169,1097,92.4,11.1,0.857,0.48
acemi,49,32,1131,829,1304,1176,1102,92.7,11.0,0.86,0.475
acemi,50,33,1136,831,1315,1180,1108,92.9,10.9,0.862,0.471
acemi,51,34,1143,830,1328,1187,1114,93.2,10.8,0.864,0.464
acemi,52,35,1148,832,1341,1196,1121,93.5,10.7,0.867,0.46
acemi,53,36,1154,835,1346,1204,1126,93.8,10.6,0.869,0.46
acemi,54,36,1156,836,1348,1207,1128,93.9,10.6,0.871,0.46
acemi,55,37,1160,836,1362,1214,1134,94.2,10.5,0.873,0.454
acemi,56,38,1166,836,1368,1223,1139,94.4,10.4,0.875,0.451
acemi,57,39,1171,838,1374,1227,1143,94.6,10.3,0.877,0.449
acemi,58,40,1176,840,1384,1232,1148,94.8,10.2,0.879,0.447
acemi,59,41,1182,842,1389,1238,1153,95.1,10.2,0.881,0.447
acemi,60,41,1186,843,1394,1242,1156,95.2,10.1,0.882,0.445
acemi,61,41,1189,843,1395,1243,1157,95.3,10.0,0.884,0.445
acemi,62,42,1194,843,1409,1250,1164,95.6,9.9,0.886,0.439
acemi,63,43,1198,843,1416,1258,1168,95.8,9.9,0.887,0.436
acemi,64,43,1201,843,1418,1262,1170,95.9,9.8,0.889,0.435
acemi,65,44,1207,843,1430,1264,1175,96.1,9.7,0.89,0.43
acemi,66,45,1211,843,1435,1271,1179,96.3,9.7,0.892,0.428
acemi,67,46,1218,844,1445,1275,1184,96.6,9.6,0.893,0.425
acemi,68,47,1222,844,1457,1282,1189,96.9,9.5,0.895,0.42
acemi,69,48,1226,846,1461,1284,1192,97.0,9.5,0.896,0.42
acemi,70,48,1229,846,1466,1288,1195,97.1,9.4,0.897,0.418
acemi,71,48,1232,846,1470,1292,1197,97.3,9.4,0.899,0.417
acemi,72,49,1237,847,1476,1296,1202,97.5,9.3,0.9,0.416
acemi,73,49,1239,847,1479,1299,1203,97.6,9.2,0.901,0.415
acemi,74,49,1242,847,1485,1302,1206,97.7,9.2,0.902,0.412
acemi,75,50,1248,847,1498,1309,1212,98.0,9.1,0.904,0.407
acemi,76,51,1253,847,1506,1313,1216,98.2,9.1,0.905,0.404
acemi,77,52,1257,847,1509,1320,1220,98.4,9.0,0.906,0.403
acemi,78,53,1261,847,1521,1328,1225,98.7,9.0,0.907,0.399
acemi,79,54,1267,847,1532,1333,1230,99.0,8.9,0.908,0.395
acemi,80,55,1271,847,1539,1338,1234,99.2,8.9,0.909,0.393
acemi,81,56,1275,847,1547,1344,1238,99.4,8.8,0.91,0.39
acemi,82,57,1280,849,1552,1348,1242,99.6,8.8,0.911,0.39
acemi,83,57,1283,850,1555,1351,1245,99.7,8.7,0.912,0.39
acemi,84,58,1289,852,1564,1360,1251,100.0,8.7,0.913,0.388
acemi,85,59,1295,852,1573,1367,1256,100.3,8.6,0.914,0.385
acemi,86,60,1301,852,1577,1371,1259,100.5,8.6,0.915,0.384
acemi,87,61,1306,853,1580,1375,1262,100.6,8.5,0.916,0.384
acemi,88,62,1311,853,1587,1381,1266,100.9,8.5,0.917,0.382
acemi,89,62,1313,854,1589,1385,1268,101.0,8.4,0.918,0.382
acemi,90,62,1316,855,1594,1389,1271,101.1,8.4,0.918,0.381
acemi,91,63,1321,855,1606,1396,1277,101.4,8.4,0.919,0.377
acemi,92,64,1325,855,1616,1401,1282,101.7,8.3,0.92,0.374
acemi,93,65,1330,855,1626,1406,1286,101.9,8.3,0.921,0.371
acemi,94,66,1334,856,1637,1413,1292,102.2,8.2,0.922,0.369
acemi,95,67,1339,857,1642,1416,1295,102.4,8.2,0.922,0.368
acemi,96,68,1344,858,1647,1425,1300,102.6,8.2,0.923,0.367
acemi,97,68,1347,858,1649,1429,1302,102.8,8.1,0.924,0.367
acemi,98,69,1352,859,1659,1433,1306,103.0,8.1,0.925,0.365
acemi,99,70,1356,859,1662,1440,1310,103.2,8.0,0.925,0.364
acemi,100,71,1360,859,1665,1443,1312,103.3,8.0,0.926,0.363
orta,1,2,985,976,1007,997,991,,27.7,0.111,0.948
orta,2,3,973,964,1019,994,987,,26.3,0.2,0.91
orta,3,4,972,952,1014,988,981,,25.1,0.273,0.899
orta,4,5,970,940,1026,999,984,,24.0,0.333,0.863
orta,5,6,968,930,1027,1007,983,,23.1,0.385,0.844
orta,6,6,964,925,1022,1004,979,,22.2,0.429,0.844
orta,7,6,961,917,1017,1002,974,,21.5,0.467,0.838
orta,8,7,963,915,1023,1000,975,,20.8,0.5,0.826
orta,9,8,963,912,1037,999,977,,20.2,0.529,0.805
orta,10,9,972,918,1049,1008,986,,19.6,0.556,0.798
orta,11,10,980,913,1055,1012,989,,19.1,0.579,0.783
orta,12,11,986,911,1067,1022,996,,18.6,0.6,0.766
orta,13,11,989,909,1073,1025,998,,18.1,0.619,0.757
orta,14,12,999,916,1086,1034,1008,,17.7,0.636,0.753
orta,15,12,1002,919,1092,1039,1012,,17.3,0.652,0.75
orta,16,13,1008,924,1104,1046,1020,,17.0,0.667,0.744
orta,17,14,1018,924,1119,1053,1027,,16.6,0.68,0.729
orta,18,15,1025,924,1138,1056,1034,,16.3,0.692,0.71
orta,19,16,1033,925,1140,1059,1038,,16.0,0.704,0.71
orta,20,17,1039,928,1147,1062,1043,91.4,15.7,0.714,0.707
orta,21,17,1043,929,1151,1069,1046,91.5,15.4,0.724,0.704
orta,22,18,1048,931,1169,1084,1056,91.8,15.2,0.733,0.692
orta,23,19,1055,935,1187,1092,1065,92.1,14.9,0.742,0.68
orta,24,20,1064,940,1202,1104,1075,92.4,14.7,0.75,0.674
orta,25,20,1067,941,1203,1108,1077,92.5,14.5,0.758,0.673
orta,26,21,1076,942,1208,1119,1084,92.7,14.3,0.765,0.671
orta,27,22,1085,946,1225,1131,1094,93.1,14.1,0.771,0.662
orta,28,22,1091,951,1230,1136,1100,93.2,13.9,0.778,0.663
orta,29,22,1094,955,1238,1144,1105,93.5,13.7,0.784,0.663
orta,30,23,1101,956,1255,1151,1113,93.8,13.5,0.789,0.65
orta,31,24,1110,959,1263,1159,1120,94.0,13.3,0.795,0.648
orta,32,25,1116,967,1277,1169,1129,94.4,13.1,0.8,0.646
orta,33,26,1127,969,1291,1181,1139,94.8,13.0,0.805,0.639
orta,34,27,1136,978,1300,1187,1147,95.2,12.8,0.81,0.642
orta,35,28,1144,986,1311,1193,1155,95.6,12.7,0.814,0.643
orta,36,29,1151,989,1324,1203,1164,95.9,12.5,0.818,0.637
orta,37,30,1158,992,1335,1207,1170,96.2,12.4,0.822,0.633
orta,38,30,1163,994,1340,1209,1173,96.3,12.3,0.826,0.632
orta,39,30,1166,996,1341,1214,1176,96.4,12.1,0.83,0.633
orta,40,30,1169,1000,1349,1220,1181,96.7,12.0,0.833,0.632
orta,41,30,1172,1003,1355,1225,1185,96.9,11.9,0.837,0.631
orta,42,31,1178,1005,1362,1235,1192,97.2,11.8,0.84,0.629
orta,43,32,1184,1010,1368,1246,1198,97.5,11.6,0.843,0.63
orta,44,33,1190,1015,1381,1255,1207,97.9,11.5,0.846,0.627
orta,45,34,1195,1019,1395,1259,1213,98.2,11.4,0.849,0.622
orta,46,35,1200,1020,1402,1266,1218,98.4,11.3,0.852,0.619
orta,47,35,1205,1023,1407,1269,1222,98.6,11.2,0.855,0.619
orta,48,36,1209,1028,1417,1279,1229,99.0,11.1,0.857,0.617
orta,49,37,1217,1029,1424,1287,1235,99.3,11.0,0.86,0.615
orta,50,37,1220,1031,1429,1290,1238,99.4,10.9,0.862,0.613
orta,51,38,1229,1037,1433,1297,1245,99.7,10.8,0.864,0.617
orta,52,39,1237,1044,1438,1303,1251,100.1,10.7,0.867,0.62
orta,53,40,1245,1050,1443,1312,1258,100.4,10.6,0.869,0.623
orta,54,41,1253,1054,1456,1321,1267,100.8,10.6,0.871,0.619
orta,55,42,1262,1058,1467,1332,1275,101.3,10.5,0.873,0.617
orta,56,42,1264,1059,1469,1337,1277,101.4,10.4,0.875,0.616
orta,57,43,1271,1060,1482,1342,1284,101.7,10.3,0.877,0.61
orta,58,44,1277,1062,1489,1351,1290,102.0,10.2,0.879,0.608
orta,59,45,1281,1064,1494,1357,1294,102.2,10.2,0.881,0.607
orta,60,45,1285,1068,1496,1362,1298,102.4,10.1,0.882,0.609
orta,61,46,1292,1073,1507,1374,1306,102.9,10.0,0.884,0.608
orta,62,47,1298,1078,1513,1380,1312,103.2,9.9,0.886,0.609
orta,63,47,1302,1081,1515,1383,1315,103.3,9.9,0.887,0.611
orta,64,48,1309,1087,1524,1391,1323,103.7,9.8,0.889,0.611
orta,65,48,1313,1088,1527,1397,1326,103.9,9.7,0.89,0.61
orta,66,48,1317,1089,1531,1398,1328,104.0,9.7,0.892,0.609
orta,67,49,1324,1093,1539,1407,1336,104.4,9.6,0.893,0.608
orta,68,49,1329,1095,1541,1409,1338,104.6,9.5,0.895,0.609
orta,69,49,1331,1096,1545,1414,1341,104.7,9.5,0.896,0.608
orta,70,50,1337,1098,1552,1418,1346,105.0,9.4,0.897,0.606
orta,71,51,1341,1099,1564,1423,1351,105.2,9.4,0.899,0.601
orta,72,52,1346,1103,1571,1434,1358,105.6,9.3,0.9,0.6
orta,73,52,1348,1105,1574,1438,1361,105.7,9.2,0.901,0.6
orta,74,53,1354,1109,1579,1443,1366,106.0,9.2,0.902,0.601
orta,75,54,1359,1112,1586,1446,1370,106.2,9.1,0.904,0.6
orta,76,54,1362,1113,1591,1450,1373,106.4,9.1,0.905,0.599
orta,77,55,1368,1115,1595,1459,1378,106.7,9.0,0.906,0.598
orta,78,55,1371,1117,1597,1462,1381,106.9,9.0,0.907,0.599
orta,79,56,1377,1120,1606,1468,1386,107.1,8.9,0.908,0.597
orta,80,57,1383,1123,1609,1476,1392,107.4,8.9,0.909,0.598
orta,81,57,1386,1126,1611,1478,1394,107.6,8.8,0.91,0.6
orta,82,58,1390,1131,1618,1488,1401,107.9,8.8,0.911,0.6
orta,83,58,1392,1134,1624,1491,1404,108.1,8.7,0.912,0.6
orta,84,59,1398,1140,1632,1500,1411,108.5,8.7,0.913,0.601
orta,85,60,1405,1145,1639,1507,1418,108.8,8.6,0.914,0.602
orta,86,60,1408,1148,1641,1509,1420,109.0,8.6,0.915,0.603
orta,87,61,1412,1151,1652,1515,1426,109.3,8.5,0.916,0.6
orta,88,62,1418,1155,1656,1525,1432,109.6,8.5,0.917,0.601
orta,89,63,1424,1157,1664,1529,1437,109.9,8.4,0.918,0.599
orta,90,63,1427,1158,1668,1534,1440,110.1,8.4,0.918,0.598
orta,91,64,1433,1160,1679,1541,1446,110.4,8.4,0.919,0.594
orta,92,65,1437,1162,1682,1549,1451,110.7,8.3,0.92,0.595
orta,93,65,1441,1166,1684,1553,1454,110.8,8.3,0.921,0.596
orta,94,66,1445,1167,1688,1559,1458,111.0,8.2,0.922,0.595
orta,95,66,1448,1169,1692,1563,1461,111.2,8.2,0.922,0.595
orta,96,66,1452,1172,1696,1568,1465,111.4,8.2,0.923,0.595
orta,97,66,1455,1175,1699,1572,1468,111.6,8.1,0.924,0.597
orta,98,67,1460,1180,1706,1577,1474,111.9,8.1,0.925,0.598
orta,99,67,1462,1182,1708,1580,1476,112.1,8.0,0.925,0.598
orta,100,68,1467,1186,1713,1589,1482,112.4,8.0,0.926,0.599
usta,1,2,990,1000,999,1006,999,,27.7,0.111,0.974
usta,2,3,980,1007,998,998,996,,26.3,0.2,0.955
usta,3,4,975,1003,997,1009,996,,25.1,0.273,0.945
usta,4,4,964,996,990,1003,988,,24.0,0.333,0.936
usta,5,5,972,1008,993,1018,998,,23.1,0.385,0.926
usta,6,6,980,1009,1005,1017,1003,,22.2,0.429,0.941
usta,7,7,986,1014,1017,1029,1011,,21.5,0.467,0.933
usta,8,7,982,1014,1022,1023,1010,,20.8,0.5,0.934
usta,9,8,987,1020,1034,1024,1016,,20.2,0.529,0.927
usta,10,9,992,1028,1043,1023,1022,,19.6,0.556,0.92
usta,11,10,996,1031,1059,1030,1029,,19.1,0.579,0.904
usta,12,10,995,1036,1063,1032,1031,,18.6,0.6,0.898
usta,13,11,1008,1046,1073,1038,1041,,18.1,0.619,0.903
usta,14,12,1013,1062,1081,1053,1052,,17.7,0.636,0.901
usta,15,13,1023,1069,1094,1062,1062,,17.3,0.652,0.897
usta,16,14,1036,1084,1105,1072,1074,,17.0,0.667,0.901
usta,17,15,1042,1098,1110,1082,1083,,16.6,0.68,0.904
usta,18,15,1048,1101,1111,1085,1086,,16.3,0.692,0.911
usta,19,15,1051,1103,1119,1092,1091,,16.0,0.704,0.905
usta,20,16,1056,1113,1137,1104,1102,93.9,15.7,0.714,0.891
usta,21,16,1059,1116,1138,1106,1105,93.9,15.4,0.724,0.893
usta,22,17,1065,1127,1148,1125,1116,94.3,15.2,0.733,0.889
usta,23,17,1069,1130,1153,1127,1119,94.4,14.9,0.742,0.888
usta,24,18,1078,1144,1165,1135,1130,94.8,14.7,0.75,0.886
usta,25,18,1083,1147,1167,1140,1134,94.9,14.5,0.758,0.89
usta,26,18,1086,1150,1176,1144,1139,95.1,14.3,0.765,0.884
usta,27,19,1096,1158,1192,1155,1150,95.6,14.1,0.771,0.879
usta,28,19,1101,1165,1197,1162,1156,95.8,13.9,0.778,0.88
usta,29,20,1107,1172,1205,1178,1165,96.2,13.7,0.784,0.878
usta,30,21,1114,1180,1218,1191,1175,96.6,13.5,0.789,0.873
usta,31,22,1122,1193,1225,1203,1186,97.0,13.3,0.795,0.875
usta,32,23,1128,1204,1238,1214,1196,97.5,13.1,0.8,0.868
usta,33,23,1132,1209,1246,1218,1201,97.7,13.0,0.805,0.865
usta,34,23,1139,1211,1250,1224,1206,97.9,12.8,0.81,0.869
usta,35,24,1149,1225,1255,1234,1215,98.4,12.7,0.814,0.876
usta,36,25,1157,1231,1260,1248,1224,98.8,12.5,0.818,0.88
usta,37,26,1163,1241,1265,1252,1230,99.0,12.4,0.822,0.882
usta,38,27,1171,1254,1278,1259,1240,99.5,12.3,0.826,0.878
usta,39,28,1180,1267,1288,1274,1252,100.1,12.1,0.83,0.879
usta,40,29,1192,1280,1296,1286,1263,100.6,12.0,0.833,0.884
usta,41,30,1203,1286,1306,1298,1273,101.1,11.9,0.837,0.887
usta,42,30,1208,1289,1313,1303,1278,101.4,11.8,0.84,0.885
usta,43,30,1211,1292,1316,1309,1282,101.6,11.6,0.843,0.886
usta,44,30,1215,1297,1320,1317,1287,101.8,11.5,0.846,0.886
usta,45,30,1219,1303,1328,1325,1293,102.1,11.4,0.849,0.883
usta,46,31,1225,1314,1332,1338,1302,102.6,11.3,0.852,0.88
usta,47,32,1233,1325,1341,1346,1311,103.0,11.2,0.855,0.881
usta,48,32,1239,1329,1348,1351,1316,103.3,11.1,0.857,0.882
usta,49,33,1249,1338,1359,1358,1326,103.7,11.0,0.86,0.885
usta,50,33,1253,1344,1361,1362,1329,104.0,10.9,0.862,0.887
usta,51,34,1259,1351,1369,1374,1338,104.4,10.8,0.864,0.882
usta,52,35,1269,1361,1383,1383,1348,104.9,10.7,0.867,0.883
usta,53,36,1274,1370,1388,1390,1355,105.3,10.6,0.869,0.883
usta,54,36,1277,1375,1391,1396,1359,105.5,10.6,0.871,0.881
usta,55,37,1284,1382,1401,1407,1368,105.9,10.5,0.873,0.878
usta,56,38,1289,1390,1408,1415,1375,106.3,10.4,0.875,0.877
usta,57,39,1298,1396,1422,1429,1386,106.9,10.3,0.877,0.873
usta,58,39,1303,1399,1427,1435,1391,107.1,10.2,0.879,0.873
usta,59,40,1309,1407,1435,1443,1398,107.5,10.2,0.881,0.872
usta,60,41,1319,1414,1446,1449,1406,108.0,10.1,0.882,0.875
usta,61,42,1324,1424,1459,1459,1416,108.5,10.0,0.884,0.872
usta,62,42,1328,1429,1464,1464,1421,108.7,9.9,0.886,0.872
usta,63,42,1333,1435,1469,1470,1426,109.0,9.9,0.887,0.873
usta,64,43,1340,1446,1474,1481,1434,109.5,9.8,0.889,0.87
usta,65,44,1349,1457,1479,1493,1444,110.0,9.7,0.89,0.868
usta,66,44,1351,1462,1483,1498,1448,110.2,9.7,0.892,0.867
usta,67,45,1359,1470,1492,1508,1457,110.7,9.6,0.893,0.865
usta,68,46,1366,1479,1502,1520,1466,111.2,9.5,0.895,0.862
usta,69,47,1372,1489,1509,1528,1474,111.6,9.5,0.896,0.862
usta,70,48,1377,1500,1521,1536,1483,112.1,9.4,0.897,0.86
usta,71,48,1381,1503,1523,1541,1486,112.3,9.4,0.899,0.859
usta,72,49,1391,1511,1532,1550,1495,112.7,9.3,0.9,0.862
usta,73,50,1399,1519,1543,1555,1504,113.2,9.2,0.901,0.865
usta,74,50,1403,1523,1549,1558,1508,113.4,9.2,0.902,0.866
usta,75,51,1410,1533,1559,1569,1517,113.9,9.1,0.904,0.864
usta,76,52,1414,1543,1568,1578,1525,114.4,9.1,0.905,0.86
usta,77,53,1424,1553,1580,1584,1534,114.9,9.0,0.906,0.864
usta,78,54,1432,1560,1587,1589,1542,115.3,9.0,0.907,0.868
usta,79,55,1437,1565,1596,1597,1548,115.6,8.9,0.908,0.866
usta,80,56,1442,1576,1605,1603,1556,116.0,8.9,0.909,0.864
usta,81,57,1447,1583,1613,1611,1563,116.4,8.8,0.91,0.863
usta,82,58,1453,1592,1624,1615,1571,116.8,8.8,0.911,0.86
usta,83,58,1456,1596,1626,1618,1573,117.0,8.7,0.912,0.861
usta,84,59,1462,1603,1635,1626,1581,117.4,8.7,0.913,0.86
usta,85,60,1470,1609,1643,1636,1589,117.9,8.6,0.914,0.861
usta,86,60,1475,1611,1647,1640,1593,118.1,8.6,0.915,0.862
usta,87,61,1481,1618,1655,1648,1600,118.5,8.5,0.916,0.861
usta,88,62,1488,1627,1667,1658,1609,119.0,8.5,0.917,0.859
usta,89,62,1490,1630,1669,1662,1612,119.2,8.4,0.918,0.859
usta,90,63,1495,1639,1677,1669,1619,119.6,8.4,0.918,0.858
usta,91,63,1499,1644,1679,1672,1622,119.7,8.4,0.919,0.859
usta,92,63,1504,1646,1683,1677,1626,120.0,8.3,0.92,0.861
usta,93,64,1509,1656,1690,1684,1634,120.4,8.3,0.921,0.86
usta,94,64,1513,1659,1696,1687,1638,120.6,8.2,0.922,0.858
usta,95,65,1521,1669,1708,1695,1648,121.2,8.2,0.922,0.857
usta,96,66,1526,1677,1712,1703,1654,121.5,8.2,0.923,0.858
usta,97,66,1529,1682,1715,1707,1657,121.7,8.1,0.924,0.858
usta,98,66,1532,1687,1720,1710,1661,121.9,8.1,0.925,0.857
usta,99,66,1534,1691,1723,1714,1665,122.1,8.0,0.925,0.858
usta,100,66,1539,1696,1729,1720,1670,122.4,8.0,0.926,0.857
